{
  "project_info": {
    "project_number": "89879295639",
    "project_id": "quiz-app-f92cd",
    "storage_bucket": "quiz-app-f92cd.appspot.com"
  },
  "client": [
    {
      "client_info": {
        "mobilesdk_app_id": "1:89879295639:android:8b3d6a19e9db7cdb8c9bd2",
        "android_client_info": {
          "package_name": "com.harrywilson.quizapp"
        }
      },
      "oauth_client": [
        {
          "client_id": "89879295639-7pu4gc0ju905s2136u9tvjo4sc3dhfj7.apps.googleusercontent.com",
          "client_type": 3
        }
      ],
      "api_key": [
        {
          "current_key": "AIzaSyAoZRfxfCiv_gRPR48eM-AsJOWOvi44HAo"
        }
      ],
      "services": {
        "appinvite_service": {
          "other_platform_oauth_client": [
            {
              "client_id": "89879295639-7pu4gc0ju905s2136u9tvjo4sc3dhfj7.apps.googleusercontent.com",
              "client_type": 3
            }
          ]
        }
      }
    }
  ],
  "configuration_version": "1"
}